날짜,대회명,지역,장소,거리,모집인원,참가비,주최,등록시작일,등록종료일,등록기간(일),접수상태,공식웹사이트
2026-01-01,2026 선양 맨몸마라톤,대전,대전 엑스포과학공원 물빛광장,7km,"2,026명(추첨)","성인 30,000원 / 미성년자 20,000원",㈜선양소주,2025-10-24,2025-11-13,21,등록마감,https://www.djmmrun.co.kr/index.php
2026-01-01,2026 새해 일출런,서울,신정교하부육상트랙구장,10km/5km,"4,000명","5km 45,000원 / 10km 50,000원",(사)대한생활체육마라톤협회,2025-11-06,2025-12-15,40,등록마감,http://xn--zl2bt5ndwfh3g20k.kr
2026-01-03,2026 산방산 임도런,경남,거제 둔덕면 가족생활 체육공원,35km/25km/15km/8km,350명,"35km 87,000원 / 25km 67,000원 / 15km 49,000원",블루트레일,2025-11-18,2025-12-07,20,등록마감,https://imdorun.creatorlink.net
2026-01-04,제18회 전국새해알몸마라톤,대구,두류공원 2.28자유광장,10km/5km,"1,500명","5km 28,000원 / 10km 30,000원",대구광역시육상연맹,2025-10-01,2025-11-30,61,등록마감,http://r.dgrunner.co.kr
2026-01-04,2026 전마협 새해 맞이 마라톤,충남,금산세계인삼엑스포주차장,풀/하프/10km/5km,"2,000명","5km 30,000원 / 10km, 하프 42,500원 / 풀 47,500원",전국마라톤협회,2025-10-28,2025-12-10,44,등록마감,http://www.run1080.com/new/mini/index.php
2026-01-11,제18회 의림지삼한초록길알몸마라톤,충북,제천의림지 수변무대,7km,850명,"40,000원",제천시육상연맹,2025-11-17,2026-01-04,49,등록마감,http://jcaaf.com
2026-01-11,제20회 여수해양마라톤,전남,여수 진남경기장,풀/하프/10km/5km,"5,600명","5km 10,000원 / 10km 25,000원 / 하프 35,000원 / 풀 40,000원",여수신문,2025-10-27,2025-12-26,61,등록마감,http://ysmarathon.co.kr
2026-01-18,2026 코리아 스노우 트레일,강원,태백 소원지 오토캠핑장,30km/13km,"1,000명","13km 85,000원 / 30km 155,000원","태백시, 태백시 철인3종 협회",2025-11-18,2025-11-18,1,등록마감,http://snowtrail.kr
2026-01-23,2026 전마협 제주 4Full 마라톤,제주,제주종합경기장,풀,800명(200명씩 4회),"1회 50,000원 / 4회 500,000원",전국마라톤협회,2025-10-14,2025-12-13,61,등록마감,http://www.run1080.com/new/mini/index.php
2026-01-24,2026 똥바람 알통구보대회,강원,강원특별자치도 철원군 갈말읍 내대리 550 승일공원 일원,6.32km,"1,000명","30,000원",(재)철원문화재단,2025-12-08,2026-01-16,40,등록마감,https://winterrun.co.kr
2026-01-25,제2회 한강 서울 하프 마라톤,서울,상암 월드컵공원 평화광장,하프/10km/5km,"10,000명(추정)","50,000원",사단법인 국민성공시대,2025-10-28,2026-01-18,83,등록마감,http://seoulhalfrun.kr
2026-01-25,2026 전마협 제주 10km 마라톤,제주,제주 서귀포시,10km,500명,"40,000원",전국마라톤협회,2025-10-24,2025-11-20,28,등록마감,http://www.run1080.com/new/mini/index.php
2026-01-31,2026 인사이더런 W(2일간),경기,"일산 킨텍스 제1전시관 2,3",10km,"9,000명(1,500명씩 6회)","50,000원",러너블,2025-11-06,2026-01-18,74,등록마감,https://runable.me/product/3182
2026-01-31,2026 화성 궁평항 동계 훈련 마라톤,경기,화성시 궁평항 일원,하프/10km,"5,000명","60,000원",기호일보,2025-12-17,2026-01-19,34,등록마감,https://kihogprun.co.kr
2026-02-02,"2026 네버스탑: 1,000K 돌파 팀마라톤",,전국,3주 동안 1000km 팀마라톤,"1,000명(팀당 10명, 100팀)","30,000원",주식회사 컴포트,2026-01-12,2026-02-01,21,등록마감,http://neverstopofficial.imweb.me/20
2026-02-08,2026 전마협 별들의전쟁&amp;꽃들의전쟁 클럽대전,대전,금산인삼엑스포주차장,20km,"1,500명","45,000원",전국마라톤협회,2025-12-03,2025-12-31,29,등록마감,http://www.run1080.com/new/mini/index.php
2026-02-08,제3회 산들소리향기 마라톤,서울,상암 월드컵공원 평화광장,하프/10km/5km,,"5km 45,000원 / 10km, 하프 50,000원",(사)한국위생물수건처리업중앙회,2025-10-28,2026-02-01,97,등록마감,http://recyclerun.kr
2026-02-14,2026 평창 대관령 알몸 마라톤,강원,평창군 대관령면 눈꽃축제장일원,10km/5km,,"5km 35,000원 / 10km 50,000원",대관령면체육회,2025-12-01,2026-01-24,55,등록마감,https://woozy-lint-81b.notion.site/2c5fc7db1f9580c0b81af74c94794eb6
2026-02-18,2026 순천만국가정원 윷놀이런,전남,순천만국가정원 동문,10km/3km,,"성인 25,000원 / 미성년자 10,000원 ",순천만국가정원,2026-02-04,2026-02-13,10,등록마감,https://projectruntrip-pre.linkstory.co.kr
2026-02-21,2026전마협 청주 무심천 투데이 마라톤(토),충북,청주 무심천 롤러스케이트장,하프/10km/5km,"2,000명","5km 30,000원 / 10km 40,000원",전국마라톤협회,2025-09-30,2026-01-10,103,등록마감,http://www.run1080.com/new/mini/index.php?code=1525
2026-02-21,2026 청춘릴레이 마라톤,서울,상암월드컵공원 평화광장,하프/10km/5km,,"60,000원",(사)재한다문화총연합회,2025-12-08,2026-02-08,63,등록마감,http://youngrun.kr
2026-02-21,희망드림 제23회 동계 국제 마라톤,서울,여의도 한강 물빛광장,32km/하프/10km/10km커플/5km,5000명,"32km 55,000원 / 하프, 10km 45,000원 / 5km 35,000원",(사)한국마라톤협회,2025-12-01,2026-01-20,51,등록마감,http://dkrun.co.kr
2026-02-22,제22회 밀양아리랑마라톤,경남,밀양종합운동장,하프/10km/5km,10000명,"5km 20,000원 / 10km 30,000원 / 하프 40,000원",밀양시,2025-11-01,2026-01-10,71,등록마감,https://www.miryangmarathon.com
2026-02-22,제9회 산불조심 한국서울마라톤,서울,광평교 아래 (강남.송파 둘레길),풀/하프/10km/5km,,"5km 30,000원 / 10km 40,000원 / 하프 50,000원 / 풀 60,000원",(사)한국산악마라톤연맹,2025-11-01,2026-02-10,102,등록마감,http://koreatrail.net/home/main.php
2026-02-22,2026 챌린지 레이스,서울,서울 영등포구 여의도동 (5호선 여의나루역 2번 출구),풀/하프/10km,,"55,000원",로드스포츠,2025-11-07,2026-02-02,88,등록마감,https://mcrace.co.kr
2026-02-22,2026 제주MBC 국제평화마라톤,제주,한림종합운동장,하프/10km,,"10km 40,000원 / 하프 45,000원",제주MBC,2025-12-15,2025-12-31,17,등록마감,https://marathon.jejumbc.com/01_info/info_01.php
2026-02-22,2026 대구마라톤,대구,대구스타디움,풀/10km/5km,"40,000명","5km 30,000원 / 10km 50,000원 / 풀 80,000원",대구시,2025-09-15,2025-12-31,108,등록마감,https://daegu.go.kr/daegumarathon
2026-02-22,2026전마협 청주 무심천 투데이 마라톤(일),충북,청주 무심천 롤러스케이트장,풀/하프/10km/5km,2000명,"5km 30,000원 / 10km 40,000원",전국마라톤협회,2025-09-30,2026-01-10,103,등록마감,http://www.run1080.com/new/mini/index.php
2026-02-22,2026 고구려 마라톤,서울,뚝섬한강공원 수변무대,풀/32km/하프/10km,,"10km 50,000원 / 하프, 32km, 풀 60,000원",러너블,2025-11-11,2026-01-16,67,등록마감,https://runable.me/product/3212
2026-02-22,2026 경기수원국제하프마라톤,경기,수원종합운동장,하프/10km/5km,"10,000명","5km 50,000원 / 10km, 하프 60,000원",경기신문,2025-11-24,2025-11-30,7,등록마감,https://www.ggimarathon.com
2026-02-28,2026 보스톤 영웅 마라톤,서울,상암 월드컵공원 평화광장,하프/10km/5km,,"5km 45,000원 / 10km, 하프 50,000원",청운의꿈(주),2025-11-07,2026-02-19,105,등록마감,http://bostonrun.kr
2026-02-28,JUST RUN10 전국 10K 러닝 대회,충남,세종마루공원 밑 금강변 일원,10km/5km,,"5km 45,000원 / 10km 50,000원","(주)러닝브레이커,전국러닝협회",2025-12-16,2026-01-16,32,등록마감,https://runten.co.kr
2026-03-01,2026 3.1절기념 제27회 건강달리기,강원,춘천 강원일보사 앞 특설행사장,10km/5km,"3,500명","5km 40,000원 / 10km 45,000원",강원일보사,2026-01-02,2026-02-19,49,등록마감,http://kw-marathon.com
2026-03-01,2026 머니투데이방송 삼일절 마라톤,서울,뚝섬한강공원 수변무대,풀/하프/10km/5km,"7,000명","5km 35,000원 / 10km, 하프 60,000원 / 풀 65,000원",(주)머니투데이방송,2025-10-27,2025-12-30,65,등록마감,http://www.samilrun.com
2026-03-01,2026 환경사랑부산 K-런,부산,부산 삼락생태공원,10km/5km,,"5km 40,000원 / 10km 50,000원",환경사랑부산K-런 조직위원회,2025-12-24,2026-01-23,31,등록마감,https://k-marathon.or.kr
2026-03-01,제13회 안중근 평화 마라톤,서울,상암 월드컵공원 평화광장,하프/10km/5km,,"5km 45,000원 / 10km, 하프 50,000원",안중근평화재단청년아카데미,2025-12-22,2026-02-19,60,등록마감,https://ajgrun.kr
2026-03-01,삼일절 컴포트 선언 러닝,서울,여의도 공원 비행기 전시관,19.19km,500명,"31,000원",주식회사 컴포트,2026-02-02,2026-02-22,21,등록마감,https://www.instagram.com/comport.official
2026-03-01,제61회 광주일보 3.1절 전국마라톤,광주,화순파크골프장,하프/10km,,"40,000원","광주일보, 전남문화, 아시아문",2025-12-22,2026-01-22,32,등록마감,http://mara.kjmedia.co.kr
2026-03-01,3.1절 107주년 기념 단축 마라톤,인천,국립인천대학교 정문,하프/10km/5km,"6,000명","5km 45,000원 / 10km, 하프 50,000원",기호일보,2025-12-29,2026-01-29,32,등록마감,https://31day.co.kr
2026-03-01,2026 구미 박정희 마라톤,경북,구미시민운동장,풀/하프/10km/5km,"10,000명","5km 30,000원 / 10km 40,000원 / 하프 50,000원 / 풀 70,000원",구미시체육회,2025-11-20,2025-11-30,11,등록마감,https://www.gumimarathon.com
2026-03-01,2026 Run your way HALF,서울,광화문광장,하프,,"80,000원","뉴발란스, 서울특별시",2025-12-19,2025-12-22,4,등록마감,https://dongma.club
2026-03-07,제21회 부산 비치울트라 마라톤 대회,부산,부산 다대포 해수욕장 주치장,100km/50km,,"50km 70,000원 / 100km 90,000원",부산 비치 울트라 조직위,2025-12-18,2026-03-03,76,등록마감,http://beachultra.kr
2026-03-07,제4회 코리아오픈 레이스,서울,서울 뚝섬한강공원 수변광장,하프/10km/5km,,"5km 45,000원 / 10km 60,000원 / 하프 65,000원",컬처런,2025-12-15,2026-02-15,63,등록마감,http://www.koreaopenrace.com
2026-03-07,제2회 서울경기육상연합 하프 마라톤,서울,광명 안양천 어린이 물놀이장,하프/10km/5km,,"5km 45,000원 / 10km, 하프 50,000원",서울경기육상연합,2025-12-26,2026-02-25,62,등록마감,http://sgrun.kr
2026-03-08,2026 예천군민 마스터즈,경북,예천청소년수련관,5km,,무료,예천군청,2026-01-12,2026-01-25,14,등록마감,http://www.ycg.kr/open.content/ko/administrative/news/notice
2026-03-08,2026 성주참외 전국마라톤,경북,성주별고을운동장,30km/하프/10km/5km,"6,000명","5km 25,000원 / 10km, 하프, 30km 40,000원",성주군체육회,2025-12-10,2025-12-31,22,등록마감,http://sjmelon.kr
2026-03-08,2026 MBN 블루레이스 거제,경남,거제 스포츠 파크,하프/10km/4km,"6,500명","4km 30,000원 / 10km, 하프 45,000원","MBN, 매일경제",2025-12-17,2026-02-21,67,등록마감,https://marathon-mbngj.com
2026-03-08,제16회 여의도 벚꽃 마라톤,서울,여의도 물빛무대 앞 광장,하프/10km/5km,,"5km 45,000원 / 10km, 하프 50,000원",한국마라톤TV,2025-12-22,2026-01-08,18,등록마감,http://xn--js0bk9fwvdgzcd5e88r2kcx06a.kr
2026-03-08,2026 전국민 러닝크루 패밀리 마라톤,서울,상암 월드컵공원 평화광장,하프/10km/5km,,"60,000원",런파워(주),2025-12-29,2026-02-25,59,등록마감,http://familyrun.kr
2026-03-08,2026 부천국제10km로드레이스,경기,부천시청 앞 차없는 거리,10km/3.5km,"7,000명","3.5km 40,000원 / 10km 50,000원",부천시육상연맹,2025-12-08,2026-01-15,39,등록마감,http://bskrun.co.kr
2026-03-08,2026 고양특례시 하프마라톤,경기,고양종합운동장,하프/10km/5km,"15,000명","5km 40,000원 / 10km 60,000원 / 하프 70,000원","고양시, jtbc",2025-10-21,2025-11-05,16,등록마감,http://www.goyangmarathon.com
2026-03-14,제20회 창녕부곡 온천마라톤,경남,창녕스포츠파크5구장,하프/10km/5km,,"5km 20,000원 / 10km 30,000원 / 하프 35,000원",창녕군체육회,2025-12-08,2026-03-07,90,등록마감,https://www.cngmarathon.co.kr
2026-03-14,2026 금산 인삼 웰빙 마라톤대회,충남,금산세계인삼엑스포주차장,하프/10km/5km,"3,000명","5km 25,000원 / 10km, 하프 35,000원",금산군 체육회,2026-01-24,2026-03-01,37,등록마감,https://mara1080.com/event/db8bfa91-d6de-4591-9f19-8f48da3adc7b
2026-03-15,2026 서울마라톤,서울,광화문광장,풀/10km,"40,000명","10km 80,000원 / 풀 100,000원","동아일보,서울시",2025-06-09,2025-06-13,5,등록마감,http://seoul-marathon.com
2026-03-21,2026 지리산봄꽃레이스,전남,구례 토지초등학교,13km/24km,,"13km 59,000원 / 24km 79,000원",지리산씨협동조합,2025-12-18,2026-02-19,64,등록마감,http://jirisanrace.com
2026-03-21,2026 제6회 버킷런,서울,잠실 한강공원 청소년광장,10km/5km,,"50,000원",런앤런,2026-01-05,2026-03-04,59,등록마감,http://www.bucketrun.co.kr
2026-03-21,2026 입춘대길 제1회 춘천 소양강마라톤,강원,춘천 소양강댐 하류주차장,10km/5km,"1,500명","40,000원",강원도민일보,2026-01-05,2026-03-06,61,등록마감,https://www.ccpmarathon.kr/spring/index.php
2026-03-21,2026 JUST RUN10 청주,충북,무심천체육공원,10km/5km,,"5km 45,000원 / 10km 50,000원","(주)러닝브레이커,전국러닝협회",2026-01-24,2026-02-22,30,등록마감,https://runten.co.kr
2026-03-21,2026 내포마라톤,충남,내포신도시 일원 / 홍성KBS,하프/10km/5km,"5,000명","5km 20,000원 / 10km, 하프 40,000원","충청투데이, 충청남도육상경기",2025-12-22,2026-03-06,75,등록마감,http://www.nprace.co.kr
2026-03-21,2026 남해트레일레이스,경남,남해공설운동장,40km/28km,,"28km 90,000원 / 40km 120,000원",남해군 체육회,2026-01-19,2026-02-10,23,등록마감,http://rocknrun.kr
2026-03-22,2026 산불조심 한국남산우정마라톤,서울,남산 동국대 정문,15km/8km,,"8km 32,000원 / 15km 35,000원",(사)한국산악마라톤연,2025-05-01,2026-03-14,318,등록마감,http://koreatrail.net/home/main.php
2026-03-22,제3회 불패 마라톤,서울,여의도공원 문화의 마당,하프/10km/5km,,"5km 45,000원 / 10km, 하프 50,000원",(사)한국생활체육연맹,2026-01-02,2026-03-15,73,등록마감,http://bulpaerun.com
2026-03-22,제2회 영광 광풍 마라톤,전남,영광군 영광스포티움,하프/10km/5km,"6,000명","5km 30,000원 / 10km, 하프 45,000원",영광군민의날 추진위원회,2025-10-16,2026-01-31,108,등록마감,http://yeonggwang.run1080.com
2026-03-22,제26회 인천국제하프마라톤,인천,인천문학경기장,하프/10km/5km,"15,000명","5km 45,000원 / 10km, 하프 50,000원","인천일보, (사)인천마라톤조직",2026-01-05,2026-02-13,40,등록마감,https://www.incheonmarathon.co.kr
2026-03-22,제24회 성우하이텍배 KNN환경마라톤,부산,BEXCO제1전시장  3홀,10km/5km,"8,000명","5km 35,000원 / 10km 45,000원","성우하이텍, KNN",2026-01-23,2026-01-26,4,등록마감,https://marathon.knn.co.kr
2026-03-22,2026 정읍동학마라톤,전북,정읍 체육트레이닝센터(운동장),풀/하프/10km/5km,,"5km 30,000원 / 10km, 하프 45,000원 / 풀 50,000원",정읍시체육회/정읍시육상연맹,2026-01-12,2026-02-20,40,등록마감,https://www.jdmarathon.com
2026-03-22,2026 서울 K-마라톤,서울,광화문광장,하프/10km,,"10km 60,000원 / 하프 70,000원","서울K-마라톤, 한국스포츠관광마케팅협회",2025-11-04,2025-11-23,20,등록마감,https://seoulmarathon.org/main.php
2026-03-22,2026 HEAT &amp; RUN,서울,서울특별시 마포구 월드컵로 251,10km/5km,"5,000명","5km 50,000원 / 10km 60,000원",(주)YTN,2026-02-10,2026-03-05,24,등록마감,https://run.ytn.co.kr
2026-03-28,제3회 Night Run&amp;Walk in 밀양,경남,밀양시 삼문동 밀양강둔치 일원,5km,"1,000명","20,000원",밀양문화관광재단,2026-02-25,2026-03-22,26,등록마감,https://www.mywalk.kr
2026-03-28,2026 금강울트라마라톤,세종,금강보행교 남단광장(세종시청),100km/50km,,"50km 80,000원 / 100km 120,000원",금강울트라마라톤조직위원회,2026-01-02,2026-03-02,60,등록마감,http://dtrail.co.kr/45
2026-03-28,2026 제3회 구리시 걷기&트레일런,경기,구리시청 광장,10km/5km,500명,"5km 15,000원 / 10km 50,000원",(재)한국건강걷기연합회,2026-01-16,2026-03-06,50,등록마감,https://www.thebike.co.kr/race/view.php
2026-03-28,제42회 코오롱구간마라톤대회,경북,경주시내 공인 42.195km,구간 릴레이 마라톤 ,40팀(팀 당 8명),"인당 70,000원","대한육상연맹, KBS, 조선일보, 코오롱",2026-02-02,2026-02-20,19,등록마감,https://marathon.co.kr/marathon.asp
2026-03-28,제23회 태화강 마라톤,울산,태화강 국가정원 야외공원,풀/하프/10km/5km,,"5km 20,000원 / 10km, 하프 30,000원 / 풀 35,000원",울산매일신문사,2025-12-01,2025-12-03,3,등록마감,https://www.ulsanmaeilmara.com/html/00_main/main.php
2026-03-28,제2회 의성마늘마라톤,경북,의성종합체육관,10km/5km,,"40,000원",의성군,2026-02-02,2026-03-06,33,등록마감,https://uiseongrun.kr
2026-03-28,2026 서울 유아차 런,서울,광화문광장,8km,"5,000가족","50,000원",서울특별시,2026-03-05,2026-03-06,2,등록마감,https://seoulstrollerrun.co.kr
2026-03-28,2026 봄바람 유러닝페스타,경기,하남 미사리 조정경기장,하프/10km,,"10km 50,000원 / 하프 60,000원",유러닝페스타 운영위원회,2026-01-10,2026-03-27,77,등록마감,https://urfesta.com
2026-03-28,2026 팀 K리그 런,서울,상암 월드컵공원 평화광장,10km,,"60,000원",중앙일보 외,2026-03-06,2026-03-13,8,등록마감,https://teamkleaguerun.com
2026-03-28,2026 여수 영취산 진달래 트레일레이스,전남,전라남도 여수시 중흥동 1638-39,12km,,"40,000원",(사)여수영취산진달래축제보존회,2026-01-23,2026-02-13,22,등록마감,http://rocknrun.kr
2026-03-29,제33회 315마라톤,경남,3.15해양누리공원,10km/5km,"7,000명","5km 15,000원 / 10km 25,000원",315의거기념사업회,2025-12-15,2026-03-06,82,등록마감,https://www.masanmarathon.or.kr
2026-03-29,제20회 정남진장흥 전국마라톤,전남,전남 장흥군 탐진강변 일원,하프/10km/5km,"3,000명","5km 15,000원 / 10km, 하프 35,000원",장흥군 육상연맹,2025-12-22,2026-03-15,84,등록마감,http://www.jeongnamjin.net
2026-03-29,제25회 합천벚꽃마라톤,경남,합천공설운동장 및 백리벚꽃길,풀/하프/10km/5km,"10,000명","5km 15,000원 / 10km 30,000원 / 하프, 풀 40,000원",합천군,2025-12-01,2026-02-28,90,등록마감,https://hcmrt.or.kr
2026-03-29,2026년 안양천 벚꽃 마라톤,서울,구일역 하부 인라인스케이트장,10km/5km,900명,"30,000원",구로구체육회,2026-01-19,2026-02-28,41,등록마감,https://cafe.daum.net/guro-run/LvM7/40
2026-03-29,2026 무주반딧불 하프마라톤,전북,무주 등나무운동장,하프/10km/5km,,"5km 30,000원 / 10km, 하프 45,000원",무주군체육회,2025-12-12,2026-02-28,79,등록마감,https://mara1080.com/event/7284aebc-502f-406a-95e5-a43a70893547
2026-03-29,2026 성북사랑 전국 마라톤,서울,중랑천 체육공원(석계역 앞),하프/10km/5km,"22,000명","5km 35,000원 / 10km, 하프 45,000원",성북구육상연맹,2026-01-09,2026-03-16,67,등록마감,https://cafe.naver.com/sblovemarathon
2026-03-29,제2회 한강 벚꽃 마라톤,서울,상암 월드컵공원 평화광장,하프/10km/5km,"3,000명","5km 45,000원 / 10km, 하프 50,000원",(사)중소자영업총연합회,2026-02-10,2026-03-22,41,등록마감,http://springrun.kr
2026-03-29,청라 하늘대교마라톤 2026,인천,인천 서구 청라동 101-4 로봇랜드 인근,하프/10km,"5,000명","10km 50,000원 / 하프 60,000원",서울신문,2026-01-28,2026-02-20,24,등록마감,https://cnrun.co.kr
2026-03-29,제14회 김포한강마라톤,경기,김포종합운동장,풀/10km/5km,"7,000명","5km 35,000원 / 10km 40,000원 / 풀 45,000원","김포시체육회, 김포시육상연맹",2026-01-26,2026-02-13,19,등록마감,https://gimporun.com
2026-03-29,2026 은평 불광천벚꽃마라톤,서울,불광천 수상무대(응암역),10km/5km,"1,000명","20,000원",은평구청,2026-03-03,2026-03-05,3,등록마감,http://epmarathon.co.kr
2026-04-03,2026 장수트레일레이스 Spring,전북,장수종합경기장,70km/38km-p/20km/5km,,"5km 40,000원 / 20km 90,000원 / 38km-p 110,000원 / 70km 180,000원",락앤런,2026-01-02,2026-02-14,44,등록마감,http://rocknrun.kr
2026-04-04,오크밸리 힐스 나이트 레이스,강원,오크밸리 리조트,10km,,,오크밸리 리조트,2026-03-09,2026-03-29,21,등록마감,https://cltoo.com/ko/product/115
2026-04-04,2026 영암벚꽃마라톤,전남,왕인박사유적지 일원,10km/5km,,,"영암군, 영암군체육회",2025-12-23,2026-02-02,42,등록마감,http://yeongammrathon.kr/home/main.ubs
2026-04-04,2026 글로컬 건양대학교 K-국방 마라톤,충남,건양대학교 글로컬캠퍼스 대운동,하프/10km/5km,,,건양대학교,2026-03-13,2026-03-18,6,등록마감,https://kyrun.co.kr
2026-04-04,제17회 대한경제마라톤,서울,상암월드컵공원 평화의광장,하프/10km/4km,,,대한경제신문사,2026-01-23,2026-03-08,45,등록마감,https://www.dnewsrun.co.kr
2026-04-04,제33회 경주벚꽃마라톤,경북,보덕동 행정복지센터 옆 헬기장,하프/10km/5km,,,경주시,2025-12-29,2026-02-13,47,등록마감,https://www.cherrymarathon.co.kr
2026-04-04,제25회 제주 국제울트라마라톤,제주,제주 해안도로 일주200km,100km/50km,,,(사)대한울트라마라톤연맹,2025-12-31,2026-03-07,67,등록마감,http://kumf.kr/main/ra/race/list_K/view.php
2026-04-05,2026 진주남강 마라톤,경남,신안-평거 남강둔치 및 진양호,풀/하프/10km/5km,,,진주남강마라톤대회 사무국,2026-02-09,2026-03-08,28,등록마감,https://www.gnmarathon.co.kr
2026-04-05,2026 영주소백산마라톤,경북,,풀/하프/10km/5km,,,영주시 (주관: 영주시체육회),2025-12-15,2026-01-25,42,등록마감,http://www.sobaekmarathon.go.kr
2026-04-05,제12회 나주영산강마라톤,전남,나주종합스포츠파크,하프/10km/5km,,,"뉴시스광주전남본부,나주마라톤",2025-12-22,2026-03-20,89,등록마감,http://www.najurun.kr
2026-04-05,2026 서울봄꽃레이스,서울,신정교육상트랙구장,10km/5km,,,(사)대한생활체육마라톤협회,2026-01-14,2026-02-27,45,등록마감,http://xn--js0b99nl8d01ed7b48jylb.kr
2026-04-05,2026 튼튼이 마라톤,서울,상암동 평화의공원평화광장,10km/5km/3km,,,"사)대한구강보건협회,초록우산",2026-01-21,2026-02-23,34,등록마감,https://tterun.co.kr
2026-04-05,제13회 GIVE N RACE,부산,부산 벡스코 야외광장,10km,,,Mercedes-Benz,2026-02-02,2026-03-02,29,등록마감,https://www.givenrace.com/give#
2026-04-05,제1회 전남대 5·18 캠퍼스 마라톤,전남,광주광역시 북구 용봉로 77 전남대학교 광주캠퍼스,10km/18km,,,전남대학교,2026-02-09,2026-03-09,29,등록마감,http://xn--vk1b28fn4bg9oswgdukrjf16d.kr
2026-04-05,제22회 예산윤봉길 전국마라톤,충남,예산종합운동장,하프/10km/7km,,,예산군체육회,2026-02-24,2026-03-18,23,등록마감,https://yesanmarathon.co.kr
2026-04-05,제27회 이천 도자기 마라톤,경기,이천종합운동장,하프/10km/5km,,,이천시체육회,2025-11-19,2025-12-10,22,등록마감,https://mara1080.com/event/b2dd5c44-a875-484a-b2b5-38b21977e56b
2026-04-05,국립창원대 &amp;MBC경남 제2회 벚꽃마라톤,경남,경남 창원시 의창구 창원대학로 20,10km/5km,,,"국립창원대학교, MBC경남",2026-02-11,2026-03-13,31,등록마감,https://run.cwnu.ac.kr
2026-04-05,2026 무해런,서울,월드컵공원 평화광장,10km,,,(사)지구닦는사람들,2026-03-03,2026-03-15,13,등록마감,https://event-us.kr/wiperth/event/121590
2026-04-05,2026 군산새만금마라톤,전북,군산월명종합경기장,풀/10km/5km,,,"군산시, 대한육상연맹",2026-01-05,2026-04-03,89,등록마감,https://www.gunsanmarathon.com
2026-04-05,2026 THE RACE SEOUL 21K,서울,광화문광장(예정),하프/10km,,,헤럴드경제,2026-01-27,2026-02-27,32,등록마감,https://www.theraceseoul21k.com
2026-04-11,제22회 청남대울트라 마라톤,충북,청남대,100km,,,청남대울트라마라톤조직위,2026-01-01,2026-03-08,67,등록마감,http://cndu.org
2026-04-11,2026 MBN 선셋마라톤 영종,인천,영종 씨사이드 파크,하프/10km/3km,,,"MBN, 매일경제",2026-01-26,2026-02-28,34,등록마감,https://marathon-mbnyj.com
2026-04-11,소외계층돕기 제15회 행복한가게 마라톤,서울,상암 월드컵공원 평화광장,하프/10km/5km,,,(사)행복한가게,2026-02-05,2026-04-04,59,등록마감,http://www.kksports.kr
2026-04-11,제15회 양천마라톤,서울,(목동) 안양천 해마루축구장,하프/10km/5km,,,양천구,2026-01-08,2026-01-31,24,등록마감,https://www.ycrun.com
2026-04-11,대청호 벚꽃길 마라톤,대전,동구 신상동282번지(벚꽃한터,하프/10km/5km,,,"대전광역시 동구, 대전광역시체육회, 충청투데이",2026-02-02,2026-03-06,33,등록마감,http://ehompy0669.ehompy.co.kr/main
2026-04-12,산이정원패밀리ESG RACE STEP1,전남,산이정원,10km,,,산이정원,2026-03-03,2026-03-27,25,등록마감,http://xn--zl2bt5ac3ce9g95id2ah6ab60d.kr
2026-04-12,제3회 해평 마라톤,전북,전북특별자치도 남원시,10km/5km,,,사단법인 상생과평화,2026-02-02,2026-03-31,58,등록마감,http://runtoharmony.kr
2026-04-12,Green Step 2026 ESG실천마라톤,전남,전라남도 해남군 솔라시도,하프/10km/5km,,,목포MBC / 마라톤세상,2026-02-01,2026-03-01,29,등록마감,http://www.greenstep.co.kr
2026-04-12,제22회 창원야철마라톤,경남,창원레포츠파크 보조경기장,10km/5km,,,경남신문,2026-02-02,2026-03-11,38,등록마감,https://www.kcmarathon.co.kr
2026-04-12,제3회 가든파이브 라이프 레이스,서울,서울 가든파이브라이프 중앙광장,하프/10km/5km,,,(주)스포테인,2026-01-23,2026-03-20,57,등록마감,http://www.irunman.kr
2026-04-12,2026 안양천 벚꽃 마라톤,서울,신정교 하부 영롱이 억새구장,하프/10km/5km,,,(사)대한생활체육연맹,2026-01-28,2026-03-11,43,등록마감,https://www.flowerrun.kr
2026-04-12,제15회 MBC섬진강꽃길마라톤,전남,광양시 다압면 섬진강둔치,하프/10km/5km,,,"여수MBC, MBC경남",2026-02-05,2026-03-27,51,등록마감,http://mbcrun.com
2026-04-12,제19회 영남일보 국제 하프마라톤,대구,대구스타디움,하프/10km/5km,,,"영남일보, 대일기획",2026-01-05,2026-02-27,54,등록마감,http://ynmarathon.kr
2026-04-12,2026 하남육연 회장기 벚꽃 마라톤,경기,하남스타필드 앞 당정,10km/5km,,,하남시육상연맹,2026-03-05,2026-03-13,9,등록마감,http://www.xn--q20bs0p1sfu9bvwfi4bzw1c.kr/s2p1
2026-04-17,제11회 서울트레일런,서울,시청 덕수궁돌담길,50km/30km/20km/15km,,,서울울트라랠리,2025-12-03,2026-03-05,93,등록마감,https://surally2406.webmaker21.kr/competition/outline
2026-04-18,제3회 아산신정호 트레일런100k,충남,아산 신정호 국민관광단지,100km,,,대한울트라마라톤 충남지맹,2026-01-05,2026-04-07,93,등록마감,http://xn--oi2bn8o9vb5vdh8b21cw84a0mg.kr
2026-04-18,KOLON TRAIL RUN 2026,강원,강원도 횡성군 웰리힐리파크,35km/15km,,,코오롱스포츠,2026-02-06,2026-02-06,1,등록마감,https://www.kolonsport.com/Event/TRAIL-RUN-CONCEPT
2026-04-18,제23회 춘천호반마라톤,강원,춘천 송암스포츠타운 종합경기장,하프/10km/5km,,,강원일보사,2026-02-04,2026-04-08,64,등록마감,http://kw-marathon.com
2026-04-18,2026 JUST RUN10 성남 10K 러닝,경기,탄천종합운동장 앞 탄천변 일원,10km/5km,,,"(주)러닝브레이커,전국러닝협회",2026-02-21,2026-03-24,32,등록마감,https://runten.co.kr
2026-04-18,꿈나무에게 희망을 마라톤 2026,경기,안산 호수공원,10km/5km,,,"경기지구청년회의소, 안산청년회",2026-01-14,2026-04-03,80,등록마감,https://runable.me/product/3590
2026-04-18,키움런 2026,서울,여의도공원 문화의마당,10km/5km,,,사단법인 무의,2026-03-12,2026-03-22,11,등록마감,http://kiwoomrun.com
2026-04-18,2026 서울클린뷰티런,서울,여의도공원 문화의마당,10km/5km,,,서울클린뷰티런 운영사무국,2026-01-27,2026-03-31,64,등록마감,https://seoulcleanbeautyrun.co.kr
2026-04-19,제21회 세종특별자치시 전국복사꽃 마라톤,세종,세종시민운동장,10km/5km,,,세종특별자치시육상연맹,2026-01-27,2026-03-10,43,등록마감,https://sejongrun.kr
2026-04-19,2026 송도 WALK &amp; RUN,인천,인천광역시 송도 달빛축제공원,하프/20km/3km/10km/5km,,,인천광역시걷기협회,2026-02-25,2026-03-20,24,등록마감,https://blog.naver.com/npa2023/224157041339
2026-04-19,제20회 2026 단양팔경 걷기 및 마라톤,충북,단양생태체육공원,하프/10km/5km/3km,,,단양군육상연맹,2026-01-05,2026-03-06,61,등록마감,http://danyangmarathon.kr
2026-04-19,2026 DMZ평화마라톤,경기,임진각 평화누리 공연장,하프/10km/5km,,,"뉴스토마토, K-평화연구원, 파주시",2026-01-23,2026-03-31,68,등록마감,https://dmzmarathon.newstomato.com
2026-04-19,2026 부안해변마라톤,전북,부안군 변산해수욕장,하프/10km/5km,,,부안군체육회/부안육상연맹,2025-12-12,2026-02-28,79,등록마감,http://www.buanmarathon.kr
2026-04-19,제24회 울산커플마라톤,울산,울산대공원 남문광장,10km/5km,,,경상일보,2026-01-07,2026-03-07,60,등록마감,http://run.ksilbo.co.kr
2026-04-19,제11회 동작구청장배 마라톤,서울,노들나루 공원,10km,,,동작육상연맹,2026-02-09,2026-03-27,47,등록마감,https://forms.gle/GeBVXxtYZGn4xS877
2026-04-19,2026 LOTTE WORLD TOWER SKY RUN,서울,롯데월드타워,계단 2917개,,,롯데월드타워,2026-03-11,2026-03-17,7,등록마감,https://www.lwt.co.kr/ko/2026skyrun.do
2026-04-19,2026 코리아 k건강마라톤,서울,송파구여성축구장,10km/5km,,,(사)대한문화역사탐구연합회,2026-01-28,2026-03-30,62,등록마감,http://www.koreakrun.co.kr
2026-04-19,제24회 경기마라톤대회,경기,수원종합운동장,풀/하프/10km/5km,,,경기일보,2026-01-26,2026-02-15,21,등록마감,http://www.kgmarathon.co.kr
2026-04-19,제8회 오션뷰 기장바다마라톤,부산,오시리아 동부산관광9로,하프/10km/3km,,,기장바다마라톤조직위,2025-11-01,2026-03-15,135,등록마감,https://www.badarun.co.kr
2026-04-19,제23회 호남마라톤,광주,승촌보 영산강문화관,하프/10km,,,전남일보사,2026-01-19,2026-02-19,32,등록마감,http://www.호남마라톤.kr
2026-04-19,2026 THE RACE BUSAN,부산,부산항북항 친수공원(예정),10km,,,헤럴드경제,2026-02-09,2026-04-02,53,등록마감,https://busan.therace.co.kr
2026-04-19,제 11회 기적의마라톤,대전,대전광역시 유성구 도룡동 465-1,하프/10km/5km,,,사단법인 토닥토닥,2026-02-06,2026-03-31,54,등록마감,http://todagmarathon.com
2026-04-19,제2회 마포 서윤복 마라톤,서울,상암동 월드컵공원 평화광장,하프/10km/5km,,,"마포구체육회, 숭문고총동문회",2026-02-08,2026-03-26,47,등록마감,https://sybrun.com
2026-04-19,제2회 무등산트레일런,광주,조선대학교,8km/5km/15km,,,CUK SPORTS,2025-12-22,2026-04-04,104,등록마감,http://www.cuk-sports.co.kr/apply/mudeugnsan_2026
2026-04-24,제17회 성지순례222KM울트라마라톤,서울,명동대성당,15km/22km,,,가톨릭마라톤동호회,2026-01-10,2026-03-31,81,등록마감,https://cprun222k.com
2026-04-25,제30회 삼척 황영조 국제 마라톤,강원,삼척엑스포광장,풀/하프/10km/5km,,,강원일보,2025-12-16,2026-02-28,75,등록마감,https://mara1080.com/event/8921cdef-67fc-4e1c-9237-763520b90c80
2026-04-25,2026 GIVE RUN IN NAJU,전남,나주 영산강정원,10km/5km,,,굿피플,2026-02-23,2026-04-10,47,등록마감,http://giverun.co.kr
2026-04-26,제2회 속리산 문장대 세조길 Trail Running,충북,세조길제2주차징,13km,,,(사)한국산악마라톤연맹,2025-10-05,2026-03-30,177,등록마감,http://koreatrail.net/home/main.php
2026-04-26,제20회 반기문마라톤,충북,음성종합운동장,풀/하프/10km,,,"음성군체육회, 런코리아",2026-01-26,2026-04-20,85,등록마감,https://www.bankimoonmarathon.kr
2026-04-26,제14회 광명시육상연맹 회장배 건강달리기대회,경기,경기 광명시 철산동 608 안양천 광명찬빛광장,10km/5km,,,"광명시체육회, 광명시육상연맹",2026-02-02,2026-02-20,19,등록마감,http://gmaf.kr
2026-04-26,패밀리 런  페스타,서울,서울 뚝섬한강공원 수변광장,하프/10km/5km,,,컬처런,2026-03-16,2026-04-09,25,등록마감,http://www.irunman.kr
2026-04-26,제4회 아산 이순신 백의종군길 마라톤,충남,아산 현충사 앞 은행나무길,풀/하프/10km/4km,,,아산시육상연맹,2026-01-27,2026-02-28,33,등록마감,https://mara1080.com/event/e40f1082-eb59-40b3-9fbe-b05afe6bf741
2026-04-26,제24회 통일기원 포항해변마라톤,경북,포항종합운동장,하프/10km/5km,,,포항시육상연맹,2025-12-15,2026-03-31,107,등록마감,http://phrun.co.kr
2026-04-26,제2회 홍천트레일런,강원,홍천읍생활체육공원,21km/10km,,,위챌린지 WE.CHALLENGE,2025-12-29,2026-01-30,33,등록마감,http://홍천트레일런.com
2026-04-26,2026 서울하프마라톤,서울,광화문광장,하프/10km,,,"조선일보, 서울특별시, 서울특별시체육회",2025-12-16,2025-12-18,3,등록마감,https://www.seoulhalfmarathon.com
2026-05-02,제3회 남해다랑논마라톤,경남,서면 회룡농촌 체험마을,10km/5km,,,바래협동조합,2026-03-09,2026-03-31,23,등록마감,http://2026darangrun.org
2026-05-02,2026 JUST RUN10 남양주,경기,도농체육공원 일원,10km/5km,,,"(주)러닝브레이커, 전국러닝협",2026-03-05,2026-03-31,27,등록마감,https://runten.co.kr
2026-05-02,제21회 보성 녹차 마라톤,전남,전라남도 보성군 보성읍 보성리 338 보성군 공설운동장,풀/하프/10km/5km,,,보성군체육회,2026-01-30,2026-03-30,60,등록마감,https://mara1080.com/event/6c02d9f8-cbe9-4a7b-ba9d-6e1f93a18b1a
2026-05-02,2026 구례 지리산봄길 마라톤,전남,구례공설운동장,하프/10km/5km,,,오마이뉴스광주전라본부,2026-02-23,2026-04-17,54,등록마감,http://grrun.kr
2026-05-02,2026 서울 라이프마라톤,서울,경기 하남시 미사동 15,10km/5km,,,1986프로덕션,2026-02-10,2026-05-01,81,등록마감,http://lifemarathon.co.kr
2026-05-02,제26회 5.18마라톤대회,광주,국립5·18민주묘지 일원,10km/18km,,,5.18기념재단_전남매일,2026-02-24,2026-03-27,32,등록마감,https://518run.com
2026-05-02,제26회 여성마라톤,서울,서울 상암동 월드컵공원 평화광,10km/5km/3km,,,(주)여성신문사,2026-01-15,2026-03-31,76,등록마감,https://www.womenmarathon.co.kr
2026-05-03,2026 전국의병 마라톤,경남,의령공설운동장 및 둑방길 일원,풀/하프/10km/5km,,,경남일보,2026-02-20,2026-04-05,45,등록마감,https://www.urmarathon.com
2026-05-03,2026 굽네오븐런 마라톤대회,부산,대저 생태공원 P3주차장 일원,5km,,,"(주)KNN,(주)지앤푸드",2026-03-23,2026-04-23,32,등록마감,https://goobne-ovenrun.com
2026-05-03,2026 THE RACE DAEGU 10K,대구,대구 스타디움 광장 (예정),10km,,,헤럴드경제,2026-02-09,2026-04-16,67,등록마감,https://daegu.therace.co.kr
2026-05-03,KB스타런,서울,여의도공원 문화의 마당 일대,10km/5km,,,KB국민은행,2026-03-04,2026-03-22,19,등록마감,http://my.kbstar.com/lpB731R
2026-05-03,2026 하트시그널 러닝 페스타,서울,서울 마포구 증산로 87 (문화비축기지),10km,,,"채널A, BauneiComms &amp; MINAMCOMPANY",2026-03-14,2026-04-19,37,등록마감,http://heartsignalrunfesta.com
2026-05-03,제24회 불.수.사.도.북 Trail Run,서울,공릉동백세문,풀/13km,,,(사)한국산악마라톤연맹,2025-05-01,2026-04-20,355,등록마감,http://koreatrail.net/home/main.php
2026-05-05,제27회 화성효마라톤,경기,화성종합경기타운 일원,하프/10km/5km,,,화성특례시체육회,2026-03-20,2026-03-27,8,등록마감,https://hscity-marathon.com/index.php
2026-05-05,포켓몬 런 2026 in Seoul,서울,서울특별시 광진구 자양동 435,8km/5km,,,"포켓몬코리아, SK텔레콤",2026-03-03,2026-03-13,11,등록마감,https://pokemonkorea.co.kr/PokemonRUN2026
2026-05-09,제19회 대전 한밭울트라마라톤,대전,대전 엑스포 시민광장 (엑스포교 남측),100km/50km,,,대전광역시 체육회,2025-12-25,2026-04-26,123,등록마감,http://dhultra.kr
2026-05-09,제23회 전기사랑마라톤,경기,하남 미사리경정공원,10km/5km,,,전기신문,2026-02-09,2026-03-20,40,등록마감,http://www.e-powermarathon.com
2026-05-09,2026 BUSAN 50K,부산,신라대학교 대운동장,50km/37km/24km/12km,,,비프라이드 주식회사,2026-01-05,2026-02-03,30,등록마감,http://www.busan-50k.com
2026-05-09,2026 제23회 보령머드임해마라톤,충남,대천해수욕장1지구 제2주차장,하프/10km/5km,,,보령시육상연맹,2026-02-26,2026-04-10,44,등록마감,https://brrun.co.kr
2026-05-09,커피 빵빵런 2026,강원,강릉 경포호수광장,10km/5km,,,(주)1986프로덕션,2026-02-10,2026-05-09,89,등록마감,http://coffeebbangrun.com
2026-05-09,2026 나는 솔로런,서울,여의도공원 문화의마당,10km,,,KT ENA / SBS PLUS / 촌장엔터테인먼트 (주관: 런코리아),2026-03-19,2026-04-15,28,등록마감,https://www.solorun.kr
2026-05-10,윙스 포 라이프 월드런 2026,경기,부천종합운동장,기부마라톤,,,레드불,2026-01-01,2026-05-10,130,등록마감,https://www.redbull.com/kr-ko/events/wings-for-life-world-run-2026
2026-05-10,2026 선양마사이 마라톤,대전,장동산림욕장 계족산황톳길 일원,13km,,,(주)선양소주,2026-04-06,2026-04-30,25,등록마감,https://www.barefootfesta.com
2026-05-10,2026 무의도구석구석 국제트레일런,인천,하나개해수욕장,12km/25km,,,"서울신문사, 인중구철인3종협회",2025-12-16,2026-04-20,126,등록마감,https://cafe.naver.com/matrailrun
2026-05-10,2026 가정의달 하하호호마라톤,서울,신정교하부육상트랙구장,10km/5km,,,(사)대한생활체육마라톤협회,2026-02-02,2026-04-12,70,등록마감,http://www.xn--o39a84ke5dgxc710an6as16b.kr
2026-05-10,제22회 3대하천마라톤,대전,대전엑스포시민광장,하프/10km/5km,,,대전일보/대전광역시체육회,2026-04-06,2026-04-10,5,등록마감,https://www.tjrace.net
2026-05-10,2026 용인마라톤,경기,경기도 용인특례시청 잔디광장,10km/5km,,,"용인특례시청, 용인신문",2026-03-01,2026-04-09,40,등록마감,https://yonginmarathon.net
2026-05-10,소아암환우돕기 제23회 서울시민마라톤,서울,여의도 한강 물빛광장,하프/10km/5km/3km,,,(사)소아암환우돕기 마라조직위,2026-01-12,2026-02-28,48,등록마감,http://soaam.runningdr.co.kr
2026-05-10,서울유아차레이스 with 신한 20+ 뛰어요,서울,서울어린이대공원,5km,,,러너블,2026-02-19,2026-04-17,58,등록마감,http://seoulstrollerrace.imweb.me
2026-05-16,RUN5·18 : 도청가는 길,광주,전남대 대운동장,18km,,,"광주광역시, 제46주년 5·18민중항쟁기념행사위원회",2026-04-19,2026-04-24,6,등록마감,http://www.run518.com
2026-05-16,제4회 서울한강울트라마라톤,서울,서울특별시 동대문구 장안동 24-1,100km/50km,,,서울한강울트라마라톤대회조직위,2025-12-01,2026-03-31,121,등록마감,http://www.seoul-hangang.kr
2026-05-16,시골'S런 - 양주 꿀런,경기,경기도 양주 나리농원,5km/3km,,,스파인더,2026-04-02,2026-05-08,37,등록마감,http://www.sfinder.co.kr/contest/contest_info/390
2026-05-16,유플러스와 함께하는 레고랜드런,강원,강원도 춘천시 하중도길 128,5km,,,"레고랜드코리아리조트, LGU+",2026-03-26,2026-04-10,16,등록마감,https://upluslegolandrun.com
2026-05-16,2026 제 1회 경기신문 씨사이드 마라톤대회,경기,인천 중구 씨사이드파크 일원,하프/10km/5km,,,경기신문,2026-02-23,2026-04-20,57,등록마감,http://kgseasiderun.co.kr
2026-05-16,2026 서천한산모시마라톤,충남,한산모시체육관,10km/5km,,,서천군육상연맹,2026-03-13,2026-05-01,50,등록마감,https://mosirun.co.kr
2026-05-16,2026 JUST RUN10 양산 10k 러닝,경남,가산수변공원 잔디밭 일원,10km/5km,,,"주)러닝브레이커, 전국러닝협회",2026-03-19,2026-04-30,43,등록마감,https://runten.co.kr
2026-05-16,2026 철강마라톤,경기,하남미사경정공원,10km/5km,,,한국철강협회,2026-03-08,2026-03-27,20,등록마감,https://www.kosa.or.kr
2026-05-16,오클리 커뮤니티 러닝 with 스타벅스,서울,스타벅스 여의도한강공원점,8km,,,스타벅스,2026-04-01,2026-04-15,15,등록마감,https://www.starbucks.co.kr/whats_new/campaign_view.do
2026-05-16,2026 서울신문 하프마라톤,서울,상암동 평화의공원 평화광장,하프/10km/5km,,,서울신문,2026-03-09,2026-04-17,40,등록마감,https://run.seoul.co.kr
2026-05-16,2026 옥스팜 트레일워커,강원,인제정중앙휴게소,100km,,,재단법인 옥스팜코리아,2025-12-02,2026-04-09,129,등록마감,http://www.oxfamtrailwalker.or.kr/ko
2026-05-17,2026 식품안전 마라톤,대전,대전엑스포시민광장,4km,,,식품의약품안전처,2026-02-20,2026-04-15,55,등록마감,https://mara1080.com/event/29a34ee9-32a9-4a3b-b92f-37b3772cc183
2026-05-17,2026 인천시육상연맹배 마라톤,인천,정서진아라타워,하프/10km/5km,,,인천광역시육상연맹,2026-03-11,2026-04-03,24,등록마감,https://incheonafcup.co.kr
2026-05-17,2026 THE RACE DAEJEON 10K,대전,대전 엑스포 과학공원 (예정),10km,,,헤럴드경제,2026-02-09,2026-04-30,81,등록마감,https://daejeon.therace.co.kr
2026-05-17,2026 GOLD RUSH RACE,경기,미사경정공원,10km,,,러너블,2026-04-02,2026-04-17,16,등록마감,https://runable.me/comp/3735
2026-05-23,2026 세이브더칠드런 국제어린이마라톤(나주),전남,나주 빛가람호수공원,4km,,,세이브더칠드런,2026-04-08,2026-04-24,17,등록마감,https://www.sc.or.kr/marathon
2026-05-23,"달려용,인 2026 RUN FESTA",경기,(구)용인종합운동장,10km/5km,,,한국외대 글로벌스포츠산업학부,2026-03-25,2026-04-25,32,등록마감,http://yonginrunfesta.com
2026-05-23,2026 안양천 장미 마라톤,서울,신정교 하부 영롱이 억새구장,하프/10km/5km,,,(사)대한생활체육연맹,2026-02-20,2026-05-14,84,등록마감,https://roserun.kr
2026-05-23,제1회 회동호 트레일런,부산,스포원,25km,,,korearun 조직위,2026-04-01,2026-04-30,30,등록마감,http://korearun01.imweb.me
2026-05-23,2026 분노의질주런 용인스피드웨이,경기,에버랜드 스피드웨이,10km/5km,,,블루모라,2026-04-21,2026-04-23,3,등록마감,http://thefast.co.kr
2026-05-23,제31회 바다의 날 마라톤,서울,상암동 평화의 공원 평화광장,하프/10km/5km,,,"한국해운신문, 해양수산부",2026-02-25,2026-04-24,59,등록마감,http://badamarathon.com
2026-05-23,hy하루야채와 함께하는 하루런 마라톤,경기,하남미사경정공원,10km/5km,,,hy,2026-03-09,2026-03-26,18,등록마감,https://www.harurun.co.kr
2026-05-23,2026 한화생명 시그니처 63 RUN,서울,63빌딩,63빌딩 계단,,,한화생명,2026-05-06,2026-05-07,2,등록마감,https://www.ticketlink.co.kr/product/62816
2026-05-24,제37회 지리산 화대종주,전남,화엄사주차장,8km/4km/21km,,,(사)한국산악마라톤연맹,2025-10-05,2026-04-30,208,등록마감,http://koreatrail.net
2026-05-25,버닝런 2026,서울,서울특별시 영등포구 여의동로 330,10km/7km/5km,,,"(주)비즈한국, 런앤런",2026-01-14,2026-04-29,106,등록마감,http://www.burningrun.co.kr
2026-05-30,6.10만세운동 메모리얼로드(무료),서울,청계광장,6.1km,,,서울북부보훈지청,2026-05-18,2026-05-30,13,등록마감,https://s2s2.co.kr/sites/610manse
2026-05-30,제18회 여명국제마라톤,서울,서울 뚝섬한강공원 수변광장,하프/10km/5km,,,(주)스포테인,2026-01-27,2026-04-24,88,등록마감,https://www.dawnmarathon.com
2026-05-30,제주 김녕 빵빵런 2026,제주,제주 구좌체육공원,10km/5km,,,1986 프로덕션,2026-03-13,2026-05-29,78,등록마감,http://jejubbangrun.com
2026-05-30,2026 JUST RUN10 대구 10k 러닝,대구,대구 북구 노곡동 982 노원체육공원 축구장,10km/5km,,,"주)러닝브레이커, 전국러닝협회",2026-03-24,2026-05-02,40,등록마감,https://runten.co.kr
2026-05-30,2026 야반도주 in Busan,부산,북항 친수공원 잔디마당,10km,,,부산일보,2026-04-09,2026-04-20,12,등록마감,https://nightrun.busan.com
2026-05-30,제2회 한밭 런앤워크,대전,대전 엑스포 시민광장,10km/5km,,,레거시바통,2026-03-17,2026-03-17,1,등록마감,http://hrun.co.kr
2026-05-30,2026 강남 하프레이스,서울,대치유수지체육공원,하프/10km,,,강남구체육회,2026-03-30,2026-05-17,49,등록마감,https://gangnam-marathon.com
2026-05-30,2026 지구런 : 더 아시안 하이웨이,서울,여의도공원 문화의마당,10km/5km,,,사단법인 피스런,2026-02-25,2026-04-30,65,등록마감,https://earthrun.kr
2026-05-30,제1회 광주대학교 수직마라톤,광주,광주대학교 운동장,2.1km + 21층,,,"광주대학교, RISE사업단",2026-04-23,2026-05-20,28,등록마감,https://forms.gle/g4tCvGWSMtg7CSZF8
2026-05-30,2026 부천의장배 20km릴레이마라톤,경기,부천종합운동장 2층트랙,20km,,,부천시육상연맹,2026-05-12,2026-05-23,12,등록마감,https://cafe.naver.com/bskrun
2026-05-30,제13회 거제100K,경남,거제시 동부면 거제중앙로288,100km,,,블루트레일,2026-01-06,2026-03-31,85,등록마감,http://geoje100.creatorlink.net
2026-05-30,2026 삼삼트레일런,경기,경기도 의정부시 의정부동,6km,,,삼삼이즈,2025-12-09,2026-04-30,143,등록마감,http://samsamis.com
2026-05-31,2026년 독도수호를 위한 동호인마라톤,경북,경주시 서천체육광장,28km/하프/10km,,,경상북도육상연맹 / 경주시육상연맹,2026-01-12,2026-05-06,115,등록마감,http://경주시육상연맹.com
2026-05-31,제22회 영등포구연맹회장배 육상대회,서울,신정교하부육상트랙구장,10km/5km,,,서울특별시영등포구체육회,2026-03-20,2026-05-16,58,등록마감,https://cafe.naver.com/ydprun1/614
2026-05-31,전마협 창단 25주년 기념 2026 금산 월드런 마라톤축제,충남,금산인삼엑스포주차장,하프/10km/5km,,,전국마라톤협회,2025-12-24,2026-05-01,129,등록마감,https://mara1080.com/event/d9909060-99e2-49ff-9112-0dc6c7c4d1db
2026-05-31,2026 백양산숲길건강달리기,부산,학생문화회관(성지곡),하프/10km/6km,,,(사)부산아마추어마라톤클럽연맹,2026-01-19,2026-04-30,102,등록마감,http://www.bsama.co.kr
2026-05-31,2026 THE RACE GWANGJU 10K,광주,광주월드컵경기장(예정),10km,,,헤럴드경제,2026-02-09,2026-05-14,95,등록마감,https://gwangju.therace.co.kr
2026-05-31,2026 고래마라톤,울산,울산태화강 둔치(태화교밑),하프/10km/5km,,,울산 남구 육상연맹,2026-03-16,2026-04-30,46,등록마감,https://modern-infinity-9e6.notion.site/2026-317918810cc2809f8ca2d834ac9b549f
2026-05-31,제4회 여의도 밤섬 마라톤,서울,여의도공원 문화의마당,하프/10km/5km,,,(사)대한생활체육연맹,2026-03-09,2026-05-20,73,등록마감,http://bamseom.com
2026-06-05,2026 물사랑 낙동강 200km울트라마라톤,부산,부산광역시 사하구 낙동남로 1233 을숙도 수자원공사 물문화회관,100km,,,(사)대한울트라마라톤연맹 부산지맹,2026-02-03,2026-04-30,87,등록마감,http://www.ndru200.co.kr
2026-06-06,2026 한라산 트레일러닝,제주,서귀포 돈내코 야영장,100km/50km/6km/10km,,,(사)대한트레일런협회,2026-03-24,2026-04-30,38,등록마감,http://ktra.kr
2026-06-06,NAMHAE 250K - RUN TO SEA,경남,남해 송정 송바람해수욕장,20km/10km,,,팜프라(FARMFRA),2026-04-06,2026-05-06,31,등록마감,http://namhae250k.com
2026-06-06,2026 푸른하늘런,서울,상암 월드컵공원 평화광장,하프/10km/5km,,,(사)대한이에스지협회,2026-03-05,2026-05-28,85,등록마감,https://blueskyrun.kr
2026-06-06,2026 명품-FAAB 한강 브릿지런,경기,구리 한강 시민공원,60km,,,파브코리아,2026-05-11,2026-05-11,1,등록마감,http://www.mtrailrun.kr
2026-06-06,제28회 양평이봉주마라톤,경기,양평강상체육공원,하프/10km/4km,,,경인일보,2026-04-15,2026-05-04,20,등록마감,https://www.hangangmarathon.net
2026-06-06,2026 1222계단 남한산성 트레일런,서울,마천역1번1번출구,15km/8km,,,(사)한국산악마라톤연맹,2025-09-01,2026-08-20,354,등록중,http://koreatrail.net/home/main.php
2026-06-06,2026 춘천봄내마라톤,강원,춘천시청 호반광장 일원,20km/10km/5km,,,강원도민일보,2026-03-12,2026-05-22,72,등록마감,https://ccpmarathon.kr/math/index.php
2026-06-06,2026 도시가스 트레일 온 런 강원,강원,강릉경포호수광장,24km/12km,,,"한국도시가스협회, 동아일보",2026-04-06,2026-05-31,56,등록마감,http://citygasonrun.com
2026-06-06,2026 백산수 심심런,서울,여의도한강공원 물빛무대앞광장,10km/5km/3km,,,사단법인 한국백혈병소아암협회,2026-04-20,2026-05-22,33,등록마감,http://simsimrun.com
2026-06-07,제30회 제주국제관광마라톤축제,제주,제주 서귀포시 성산읍 일출고성운동장,10km,,,"제주특별자치도, 제주특별자치도관광협회",2026-03-09,2026-04-17,40,등록마감,http://jejumarathon.com
2026-06-07,2026 코리아 오픈 마라톤,서울,여의도공원 문화의마당,하프/10km/5km,,,런코리아,2026-04-15,2026-05-10,26,등록마감,https://www.runko.kr
2026-06-07,2026 마인드 마라톤,서울,서울광장,하프/10km/5km,,,한국수력원자력,2026-04-09,2026-04-30,22,등록마감,https://mindmarathon.kr
2026-06-07,2026 마인드마라톤,서울,서울광장,하프/10km/5km,,,한국수력원자력(주) 더버터,2026-04-13,2026-04-30,18,등록마감,https://mindmarathon.kr
2026-06-07,제11회 너릿재마라톤,광주,화순 셀레브 카페 입구,4km/16km/8km,,,"광주일보,마라톤세상",2026-04-08,2026-05-06,29,등록마감,http://marathonworld.kr
2026-06-13,2026 성남런페스티벌,경기,성남 탄천종합운동장,하프/10km/5km,,,(사)대한트레일러닝협회,2026-01-26,2026-01-31,6,등록마감,https://ktra.kr
2026-06-13,DC SUPER HERO RUN,서울,여의도공원 문화의마당,10km,,,MBN,2026-05-16,2026-06-03,19,등록마감,http://kko.to/ZKJ0jsV6GV
2026-06-13,제5회 무등산 무돌길완주대회,광주,"광주역광장 출발, 각화저수지도",8km/3km/13km/18km,,,(사)무등산무돌길협의회,2026-01-05,2026-03-09,64,등록마감,http://www.mudolgil518.or.kr
2026-06-13,제12회 시각장애인과 함께하는 어울림 마라톤,서울,서울 마포구 월드컵공원로 243 평화광장,하프/10km/5km,,,"서울특별시장애인체육회, 서울시각장애인스포츠연맹",2026-02-19,2026-03-20,30,등록마감,https://www.sbsa.or.kr
2026-06-13,제1회 모두런,세종,"세종중앙공원, 국립세종수목원",5km,,,세종시장애인단체연합회,2026-05-14,2026-05-20,7,등록마감,http://www.sfinder.co.kr
2026-06-13,2026 강릉헌화로11K Run,강원,강릉 옥계면 금진솔밭길,11km,,,(주)강원도민일보,2026-02-01,2026-03-24,52,등록마감,http://www.강릉헌화로11k.com
2026-06-13,2026 컬처런,인천,인천 영종도 씨사이드파크 일,하프/10km/5km,,,"기호일보, 로드스포",2026-03-26,2026-05-01,37,등록마감,https://culturerun.net/index.php
2026-06-13,2026 제10회 포항철강마라톤,경북,포항 영일대 해상누각 앞,10km/5km,,,경북매일신문,2026-03-05,2026-04-30,57,등록마감,http://phsteelrun.com
2026-06-13,2026 JUST RUN10 대전 대회,대전,대전 엑스포 시민광장,10km/5km,,,"(주)러닝브레이커,전국러닝협회",2026-04-01,2026-04-30,30,등록마감,https://runten.co.kr
2026-06-13,2026 제23회 빛고을 울트라마라톤,광주,광주 광역시청 야외광장,100km/50km,,,빛고을울트라조직위원회,2026-01-01,2026-05-12,132,등록마감,http://gj100k.org
2026-06-13,2026 런 지중해의 밤 마라톤,충남,아산시 지중해 마을 광장,5km,,,"지중해마을상가번영회, 지중해마을회, 구공스테이",2026-05-01,2026-06-05,36,등록중,https://bluecrystalmarathon.imweb.me
2026-06-14,2026 제21회 울릉도전국마라톤,경북,사동항 여객터미널 주차장,풀/하프/10km/5km,,,세계일보,2026-03-03,2026-04-30,59,등록마감,http://ulmarathon.co.kr
2026-06-14,전마협창단25주년 2026 대전월드런마라톤축제,대전,대전엑스포시민광장,하프/10km/5km,,,"전국마라톤협회, 월드런",2026-03-17,2026-05-31,76,등록마감,https://mara1080.com/event/cc73d8d1-a3d1-410c-9246-5d2eb76dd95e
2026-06-14,2026 김해숲길마라톤,경남,김해종합운동장 및 숲길 일원,하프/10km/5km,,,김해시육상연맹,2026-03-18,2026-05-20,64,등록마감,https://www.supgil.com
2026-06-14,제22회 인천광역시장기 건강달리기,인천,인천대공원 문화마당,10km,,,인천광역시육상연맹,2026-04-29,2026-05-31,33,등록마감,https://healthyrun.co.kr
2026-06-14,제22회 영덕 해변 전국마라톤,경북,고래불해수욕장일원,하프/10km/5km,,,영덕군육상연맹,2025-06-15,2026-04-01,291,등록마감,http://www.runmp.kr
2026-06-14,제21회 광진구연맹회장배 육상대회,서울,중곡동 중랑천 물놀이장 옆,10km/5km,,,광진구체육회(광진구육상연맹),2026-04-06,2026-05-29,54,등록마감,http://ksgaaf.co.kr
2026-06-14,제11회 김대중 평화 마라톤,서울,상암 월드컵공원 평화광장,하프/10km/5km,,,(재)김대중재단,2026-02-01,2026-06-07,127,등록중,http://kdjrun.kr
2026-06-20,제25회 충주마라톤,충북,충주종합운동장,하프/10km/5km,,,충주시체육회,2026-02-23,2026-06-03,101,등록마감,https://cjapplemarathon.com/index.asp
2026-06-20,제2회 희망 서울 마라톤,서울,여의도공원 문화의마당,하프/10km/5km,,,대한민국육군학사장교강남지구회,2026-03-11,2026-06-11,93,등록중,http://hoperun.kr
2026-06-20,2026 웰메이드런,경기,남양주한강공원 삼패지구,하프/10km/5km,,,유러닝페스타 운영위원회,2026-04-18,2026-05-31,44,등록마감,https://wellmaderun.com
2026-06-20,제16회 국민행복마라톤,서울,서울 뚝섬한강공원 수변광장,하프/10km/5km,,,국민체육진흥협회,2026-02-05,2026-05-22,107,등록마감,http://www.irunman.kr
2026-06-21,제11회 소백산 국망봉 왕복 트레일,경북,죽령휴게소,22km,,,한국트레일러너연맹,2025-06-30,2026-06-10,346,등록중,http://koreatrail.net
2026-06-21,월리를 찾아라런 in 서울 2026,서울,여의도공원 문화의마당,10km/5km,,,베니카,2026-05-18,2026-05-27,10,등록마감,https://wallyrun.kr
2026-06-21,2026 보은 속리산 말티재 힐링 알몸 마라톤,충북,보은군 속리산 말티고개,10km/5km,,,전국마라톤협회,2026-03-05,2026-06-14,102,등록중,https://mara1080.com/event/cfa1bea4-b545-4df9-8ae1-5ce280ca0e3d
2026-06-21,2026 람사르습지 밤섬런,서울,여의도 한강공원 물빛무대,10km/5km,,,마포공동체라디오,2026-02-10,2026-06-07,118,등록중,http://bamseomrun.kr
2026-06-21,2026 참행복나눔 마라톤,서울,상암 월드컵공원 평화광장,하프/10km/5km,,,(사)참행복나눔운동,2026-03-05,2026-06-14,102,등록중,https://realhappyrun.kr
2026-06-21,SPINDLE TRAIL RUN 2026,강원,삼양라운드힐,20km/12km,,,"스핀들, 프립",2026-05-15,2026-06-05,22,등록중,https://sqnc.global/spindle-trail-run
2026-06-27,2026 전마협 10km 연대별 최강전,충남,금산인삼엑스포주차장,10km/5km,,,전국마라톤협회,2026-05-13,2026-06-13,32,등록중,https://mara1080.com/event/5baeed50-d91c-4453-bf68-48ab19911d58
2026-06-27,무주 베리 로드 트레일 (덕유산),전북,전북 무주군 설천면 백련사길 21,19km,,,(주)락앤런,2026-06-01,2026-06-19,19,등록중,http://rocknrun.kr
2026-06-27,2026 큰별 나눔 마라톤,서울,상암 월드컵공원 평화광장,하프/10km/5km,,,(사)큰별나눔봉사회,2026-03-05,2026-06-18,106,등록중,http://bigstarrun.kr
2026-06-27,2026 순천 치유 미식 트레일런,전남,전남 순천시 승주읍 선암사길 450,14km/7km,,,순천시 관광과,2026-05-13,2026-06-17,36,등록중,http://projectruntrip.com
2026-06-28,2026 서울런,서울,여의도공원 문화의마당,하프/10km/5km,,,서울런(주),2026-03-18,2026-06-17,92,등록중,https://seoulrun.kr
2026-06-28,제1회 리프레시런,경기,하남 미사경정공원,10km/5km,,,시사저널,2026-04-29,2026-06-05,38,등록중,http://refreshrun.kr
2026-06-28,THE PACER SERIES,충북,청남대,10km/5km,,,런코드코리아,2026-05-04,2026-06-14,42,등록중,https://thepacerseries.com
2026-06-28,2026 전국블루베리마라톤축제,전북,정읍 대흥무지개센터,10km/5km,,,"대흥리마을공동체, 정읍시육상연",2026-04-10,2026-06-10,62,등록중,http://dhrun.kr
2026-06-28,제1회 이봉주와 함께하는 송도마라톤대회,인천,인천대학교 송도캠퍼스,10km/5km,,,인천광역시육상연맹,2026-04-20,2026-05-15,26,등록마감,http://runsongdo.co.kr
2026-06-28,제20회 강북구청장배 마라톤,서울,강북구 도봉로 102길21,10km/5km,,,강북구육상연맹,2026-04-20,2026-05-31,42,등록마감,https://cafe.daum.net/Kangmaclub/IZkA
2026-06-28,2026 울산남구청장배 육상대회,울산,태화강둔치 (태화다리 밑),10km/5km,,,울산광역시 남구체육회,2026-05-11,2026-05-20,10,등록마감,https://modern-infinity-9e6.notion.site/2026-359918810cc280958531fd2261f990d6
2026-07-04,2026 전마협 하계 무료 훈련 마라톤,충남,금산인삼엑스포주차장,10km/5km,,,전국마라톤협회,2026-03-27,2026-06-30,96,등록중,https://mara1080.com/event/3c31740e-986e-4cb8-a7e5-850a80d2a5fd
2026-07-04,IRON RUN 2026,경북,포항 영일대해수욕장 장미광장,8km/7km,,,포스코노동조합,2026-04-01,2026-05-31,61,등록마감,https://www.ironrun.kr
2026-07-05,제10회 노원구청장배 겸 제9회 회장배마라톤,서울,창동교 나눔의 광장,10km/5km,,,노원구 노원구육상경기연맹,2026-02-01,2026-03-31,59,등록마감,http://www.nowonmarathon.com
2026-07-05,제8회안산인왕산북악산TRAILRUN,서울,연세대학교,11km,,,(사)한국산악마라톤연맹,2025-11-13,2026-06-27,227,등록중,http://koreatrail.net
2026-07-11,2026 전마협 무주 풀코스 마라톤,전북,무주 소이나루 공원,풀/4km/12km/8km,,,전국마라톤협회,2026-06-02,2026-06-30,29,등록중,https://mara1080.com/event/48dc9d78-292d-4851-9cc9-bbebcfad0a45
2026-07-12,2026 울릉도 국제 트레일러닝,경북,울릉 공설운동장,40km,,,OSK 아웃도어스포츠코리아,2025-08-04,2026-05-30,300,등록마감,http://osk.run
2026-07-18,2026 코리아 나이트 런 태백,강원,O2 리조트,28km/13km/7km,,,"태백시, 태백시 철인3종 협회",2026-05-22,2026-05-22,1,등록마감,http://koreanightrun.imweb.me/main
2026-07-18,제2회 울릉나이트런,경북,울릉군 현포항,10km,,,대저투어,2026-05-18,2026-06-21,35,등록중,https://forms.gle/wZenaiNwaS7MtRYa6
2026-07-19,제16회 태종대혹서기전국마라톤,부산,태종대공원,하프/14km/7km,,,(사)부산아마추어마라톤클럽연맹,2026-04-20,2026-06-14,56,등록중,http://www.bsama.co.kr/index.asp
2026-07-19,2026 쿨밸리트레일레이스,전북,"장수종합경기장, 방화동휴양림",18km,,,(주)락앤런,2026-04-27,2026-05-31,35,등록마감,http://rocknrun.kr
2026-08-01,2026 쿨밸리트레일레이스,전북,장수종합경기장,18km,,,(주)락앤런,2026-05-11,2026-07-10,61,등록중,http://rocknrun.kr
2026-08-01,2026 인사이더런 S,서울,"일산 킨텍스 제2전시장 7,8",10km,,,러너블,2026-03-26,2026-07-30,127,등록중,http://insiderun.me
2026-08-08,제1회 테마임도  트레일런,부산,부산스포원,50km,,,코리안런조직위,2026-06-01,2026-06-30,30,등록중,http://korearun01.imweb.me
2026-08-15,제38회 지리산화대종주 Trail Run,전남,화엄사주차장,8km,,,(사)한국산악마라톤연맹,2025-12-05,2028-07-31,970,등록중,http://koreatrail.net
2026-08-15,영남알프스9봉 트레일 레이스,경남,울주군 등억알프스온천호텔(복합센터부근),85km/43km,,,JYD자연을달린다,2026-04-01,2026-07-15,106,등록중,http://jyd.creatorlink.net
2026-08-15,2026 장수 나이트 트레일,전북,장수종합경기장,38km-p,,,(주)락앤런,2026-05-15,2026-07-31,78,등록중,http://rocknrun.kr
2026-08-23,2026 금수산트레일러닝대회,충북,청풍리조트,22km,,,제천시산악연맹,2026-04-07,2026-05-31,55,등록마감,http://www.runnerking.com
2026-08-23,2026 대구세계마스터즈 10km마라톤,대구,대구스타디움 일원,10km,,,"대구광역시, 세계마스터즈육상연",2025-12-23,2026-06-23,183,등록중,https://www.wmac2026.com
2026-08-30,2026 대구세계마스터즈육상경기,대구,신천동로 일원,하프/10km,,,"대구광역시, WMA",2025-12-23,2026-06-23,183,등록중,https://wmac2026.com/kr
2026-08-30,제3회 GO대관령 국제 트레일런,강원,평창동계올림픽기념공원,4km/18km/10km,,,"국대레포츠, 대관령면체육회",2026-05-22,2026-07-31,71,등록중,http://daegwallyeongrun.com
2026-08-30,제3회 한강 서울 하프 마라톤,서울,여의도 한강공원 물빛광장,하프/10km/5km,,,(사)국민성공시대,2026-05-13,2026-08-23,103,등록중,http://seoulhalfrun.kr
2026-09-03,제14회설악산공룡능선CLIMBATHON,강원,설익산한계령휴계소,7km,,,(사)한국산악마라톤연맹,2025-11-13,2026-08-25,286,등록중,http://koreatrail.net
2026-09-05,2026 다이나핏 태백 트레일,강원,태백 소원지 오토캠핑장,50km/32km/24km/15km,,,"태백시, 태백시 철인3종 협회",2026-05-11,2026-05-11,1,등록마감,http://taebaektrail.com
2026-09-05,제23회 철원DMZ국제평화마라톤,강원,강원도 철원군 동송읍 태봉로 1825 고석정,풀/하프/10km,,,"철원군, 한국일보",2026-02-02,2026-02-27,26,등록마감,https://dmzrun.kr
2026-09-05,제20회 순천만울트라마라톤대회,전남,순천동천천변공원,100km,,,순천만울트라조직위,2026-04-01,2026-08-24,146,등록중,http://www.scultra100.net
2026-09-05,제2회 2026 Vrun,서울,신정교하부육상트랙구장,10km/5km,,,(사)대한생활체육마라톤협회,2026-05-26,2026-08-12,79,등록중,http://vrun.kr/index.asp
2026-09-06,희망드림 제23회 새벽강변 국제마라톤,서울,상암동 평화의광장,하프/10km/5km/3km,,,(사)한국마라톤협회,2026-02-10,2026-05-01,81,등록마감,http://amarunsb.com
2026-09-06,제24회 청광종주TRAILRUNNING,서울,양재동 화물,6km,,,(사)한국산악마라톤연맹,2025-12-18,2026-08-30,256,등록중,http://koreatrail.net
2026-09-06,제11회 김대중 평화 마라톤 대회,서울,뚝섬 한강공원 수변무대,하프/10km/5km,,,김대중재단,2026-05-13,2026-08-30,110,등록중,http://kdjrun.kr
2026-09-06,2026 봉화송이 전국마라톤,경북,봉화공설운동장,하프/10km/5km,,,"봉화군체육회, 매일신문사",2026-02-03,2026-08-14,193,등록중,http://bonghwarun.kr
2026-09-06,2026 샌드런 IN 영덕,경북,영덕 고래불해수욕장 일대,8km/4km,,,(주)메이드인피플,2026-03-16,2026-07-06,113,등록중,https://sandrun.co.kr
2026-09-12,빵트레일런 2026,강원,정선 하이원 리조트,30km/20km/12km,,,1986프로덕션,2026-03-31,2026-09-12,166,등록중,http://bbangtrailrun.co.kr
2026-09-12,제2회 초록우산 런웨이 마라톤,대전,대전엑스포시민광장,하프/10km/5km/3km,,,초록우산 대전세종지역본부,2026-04-13,2026-08-01,111,등록중,https://mara1080.com/event/9443583f-6577-466c-ab2f-43d1dbd820d4
2026-09-12,제2회 화이트런 생리대 기부마라톤,서울,영등포구 신정교하부 육상트랙구,10km,,,"청년일보, (주)소풍",2026-04-27,2026-08-14,110,등록중,https://whiterun.kr
2026-09-12,2026 양양 강변 전국 마라톤,강원,강원도 양양군 웰컴센터,하프/10km/5km,,,"G1방송, 양양군",2026-02-27,2026-03-20,22,등록마감,https://yrun.co.kr
2026-09-13,제 16회 스마일 런 페스티벌(예정),서울,상암동 평화의공원 평화광장,하프/10km/5km,,,(사)대한치과의사협회,2026-07-01,2026-08-01,32,등록예정,https://www.smilerun.co.kr
2026-09-13,제26회 강화해변마라톤대회,인천,강화함상공원,하프/10km/5km,,,"인천일보,(사)인천마라톤조직위",2026-06-08,2026-07-31,54,등록예정,https://www.ganghwamarathon.co.kr
2026-09-13,2026 울진 금강송배 힐링마라톤,경북,울진종합운동장,하프/10km/5km,,,울진군,2025-09-15,2026-07-29,318,등록중,http://www.ujrun.kr
2026-09-19,2026 장수트레일레이스 Fall,전북,장수종합경기장,100km,,,(주)락앤런,2026-02-20,2026-06-10,111,등록중,http://rocknrun.kr
2026-09-19,2026 금산인삼축제 마라톤,충남,금산세계인삼엑스포주차장,하프/10km/4km,,,전마협,2026-04-17,2026-08-19,125,등록중,https://mara1080.com/event/2044eb82-fcdb-4e56-b79b-f3543a6a360d
2026-09-20,2026 공주마라톤,충남,공주시민운동장,풀/하프/10km,,,동아일보,2026-05-14,2026-05-21,8,등록마감,http://www.gongjumarathon.com
2026-09-20,제19회 가평자라섬 전국마라톤,경기,가평종합운동장(경기),하프/10km/5km,,,"가평군체육회, 세계일보",2026-04-01,2026-05-30,60,등록마감,https://gprun.com
2026-09-20,2026 동대문마라톤,서울,중랑천 제1수변공원,하프/10km/5km,,,동대문구육상연맹,2026-06-10,2026-08-10,62,등록예정,http://www.runddm.com
2026-09-20,2026(20회) 선사마라톤 축제,서울,서울 암사동 유적앞 특설무대,하프/10km/5km,,,강동구 육상연맹,2026-06-08,2026-06-11,4,등록예정,http://www.gomarathon.co.kr
2026-10-02,2026 Trans Jeju UTMB,제주,제주월드컵경기장,100km/20km,,,UTMB,2026-03-18,2026-05-16,60,등록마감,https://transjeju.utmb.world/ko
2026-10-03,제2회 아산이순신 트레일,충남,아산 신정호 이순신장군 동상앞,6km,,,아산 이순신트레일 조직위원회,2026-02-01,2026-09-20,232,등록중,http://isunshintrail.com
2026-10-03,2026 서산 코스모스 황금들녘 마라톤 대회,충남,서산스포츠테마파크,하프/10km/5km,,,서산시체육회,2026-03-20,2026-09-03,168,등록중,https://mara1080.com/event/fcaa0bc8-1489-47c3-8fec-8e5a5c17284e
2026-10-03,제25회 김제새만금 지평선 전국마라톤,전북,김제시민운동장 일원,하프/10km/5km,,,김제스포츠클럽,2026-05-20,2026-06-20,32,등록중,http://gimjesm.co.kr
2026-10-03,2026 천사데이기념 동두천천사마라톤,경기,경기도 동두천시 캠프보산,10km/5km,,,(사)희망지킴이 천사운동본부,2026-06-04,2026-09-30,119,등록중,https://hope1004.org
2026-10-04,2026 YTN 서울투어마라톤,서울,서울광장 (예정),하프/10km,,,YTN,2026-04-30,2026-04-30,1,등록마감,https://run.ytn.co.kr
2026-10-04,제20회 달서하프마라톤,대구,대구 달서구 호림강나루공원,하프/10km/5km,,,달서구체육회,2026-05-20,2026-06-30,42,등록중,http://www.달서하프마라톤.kr
2026-10-04,2026 파주북시티마라톤,경기,파주출판도시,10km/5km,,,(사)파주출판도시입주기업체협의,2026-05-04,2026-08-10,99,등록중,http://runbookcity.com
2026-10-04,2026 안동마라톤,경북,안동시민운동장,풀/하프/10km/5km,,,"안동시, 매일신문사",2026-04-13,2026-05-31,49,등록마감,http://www.admarathon.kr
2026-10-04,2026 홍천사랑마라톤,강원,홍천종합운동장,하프/10km/5km,,,"홍천군육상연맹, 이상커뮤니케이션즈",2026-05-19,2026-08-31,105,등록중,http://www.hongcheonrun.net
2026-10-05,2026서울오픈마라톤,서울,광화문광장(예정),하프/10km,,,(사)한국체육개발원 등,2026-04-24,2026-05-10,17,등록마감,https://seoulopen.or.kr
2026-10-09,제26회 홍성마라톤,충남,홍주 종합경기장,하프/10km/5km,,,홍성군체육회,2026-04-14,2026-05-29,46,등록마감,https://amarunhs.com
2026-10-09,2026 한글런,충남,세종시 중앙공원 도시축제마당,10.9km,,,"세종시, 헤럴드미디어그룹",2026-06-01,2026-09-04,96,등록중,http://hangeulrun.com
2026-10-10,제5회 무등산지오마라톤,전남,화순 금호스파리조트,30km/하프/10km/18km,,,"광주광역시,전라남도,담양군,화순군,광주MBC,전남대학교",2026-05-18,2026-06-18,32,등록중,https://georun.kr/ko
2026-10-10,제9회 거제시장배 섬꽃 전국 마라톤,경남,거제스포츠파크,하프/10km/4km,,,"거제시, 거제시체육회",2026-05-08,2026-09-10,126,등록중,https://mara1080.com/event/b43655f0-60be-4c97-ad62-d377f6586ae0
2026-10-10,제4회 강서허준런,서울,서울특별시 강서구 마곡중앙로 일대 (마곡광장),10km/5km/3km,,,강서구,2026-07-01,2026-07-09,9,등록예정,http://강서허준런.com
2026-10-10,제5회 구미시장배 금오산트레일 레이스,경북,금오산 공영 대주차장,10km,,,"구미시산악연맹, 구미트레일런",2026-06-01,2026-07-31,61,등록중,https://cafe.naver.com/gumitrailrunnerclub
2026-10-10,제7회 천안삼거리 흥타령울트라마라톤,충남,천안삼거리공원,100km,,,천안삼거리흥타령울트라조직위,2026-02-01,2026-09-30,242,등록중,http://www.chultra.kr
2026-10-11,2026 서울레이스,서울,서울광장,하프/10km,,,동아일보,2026-05-11,2026-05-27,17,등록마감,http://www.seoul-race.co.kr
2026-10-11,2026 MBN 전국 나주 마라톤대회,전남,나주종합스포츠파크,풀/하프/10km/5km,,,"나주시, MBN, 매일경제",2026-04-20,2026-07-19,91,등록중,http://najumbnmarathon.com/home/main.ubs
2026-10-11,제10회 가을철 산불조심마라톤,서울,광평교운동장,풀/하프/10km/5km,,,한국트레일러너연맹(사)한국산악마라톤연맹,2026-02-23,2026-09-15,205,등록중,http://www.koreatrail.net/home/main.php
2026-10-17,2026 경주마라톤,경북,경주시민운동장,풀/하프/10km,,,"동아일보,경북도,KAAF",2026-05-26,2026-05-28,3,등록마감,http://www.gyeongjumarathon.com/home
2026-10-17,제24회 청원생명쌀대청호마라톤,충북,문의체육공원,풀/하프/10km/5km,,,청주시체육회,2026-05-04,2026-06-12,40,등록중,https://race.cjsports.or.kr
2026-10-17,2026 경포마라톤,강원,강원특별자치도 강릉시,하프/10km/5km,,,(주)강원도민일보,2026-05-01,2026-06-30,61,등록중,http://www.경포마라톤.com
2026-10-18,2026 아시아 오픈 마라톤,서울,서울 광화문 광장,하프/10km,,,아시아투데이,2026-02-01,2026-09-30,242,등록중,http://aomseries.imweb.me
2026-10-18,그린스텝 2026,전남,전라남도 해남군 솔라시도,하프/10km/5km,,,목포MBC / 마라톤세상,2026-07-01,2026-07-24,24,등록예정,http://www.greenstep.co.kr
2026-10-18,제22회 대구 북구사랑 마라톤,대구,금호강 산격야영장,10km/5km,,,"대구광역시북구체육회, 북구육상연맹",2026-08-03,2026-08-24,22,등록예정,http://maraton.dbsfa365.co.kr
2026-10-18,제25회 대청호마라톤,대전,대청공원,하프/10km/5km,,,대덕구,2026-06-10,2026-07-13,34,등록예정,https://www.dcmarathon.or.kr
2026-10-18,제23회 여주 세종대왕 마라톤,세종,여주 현암지구공원,하프/10km/4km,,,여주시육상연맹,2026-06-02,2026-09-18,109,등록중,https://mara1080.com/event/edaee6e1-0d92-4248-9927-06ed3b0abfd0
2026-10-25,2026 청송사과트레일런,경북,청송군민운동장,하프/10km/5km,,,"청송군, 매일신문",2026-03-16,2026-08-30,168,등록중,http://csmarathon.co.kr/csmarathon
2026-11-01,2026 JTBC 서울마라톤,서울,서울특별시 마포구 상암산로 48-6,풀/10km,,,jtbc,2026-01-18,2026-02-18,32,등록마감,http://marathon.jtbc.com
2026-11-01,제21회 울산인권마라톤,울산,태화강 둔치,하프/10km/5km,,,울산인권마라톤대회 조직위원회,2026-08-18,2026-09-18,32,등록예정,https://www.humanrun.org
2026-11-07,2026 포항마라톤챔피언십,경북,영일대해상누각,10km/5km,,,포항시육상연맹,2026-04-13,2026-06-30,79,등록중,https://pohangmarathon.com
2026-11-07,2026 영천댐 마라톤,경북,영천댐 하류공원,하프/10km/5km,,,"영천시육상연맹, 채널경북",2026-09-01,2026-09-30,30,등록예정,https://runyc.kr
2026-11-15,제3회 무등산더블하트국제트레일런대회,광주,조선대학교,6km/16km,,,한국백혈병소아암협회/시유케이컴,2026-05-04,2026-10-15,165,등록중,http://www.cuk-sports.com
2026-11-15,2026 MBN 서울마라톤,서울,"광화문 광장, 잠실종합운동장",하프/10km,,,"MBN, 매일경제",2026-06-22,2026-06-25,4,등록예정,https://mbn-seoulmarathon.com
2026-11-15,2026 가민런 코리아,경기,고양종합운동장,하프/10km,,,"가민,러너블",2026-07-01,2026-07-03,3,등록예정,https://runable.me/product/18977
2026-11-15,제17회 행복트레일런 축제,서울,수서역 6번출구 광장,29km,,,{사}소아암환우돕기 조직위,2026-06-08,2026-08-31,85,등록예정,https://happytrailrun.com
2026-11-15,"제24회 대모산,구룡산 트레일런",서울,수서역 7번출구광장,10km,,,(사)한국산악마라톤연맹,2026-04-01,2026-10-30,213,등록중,http://koreatrail.net
2026-11-15,제24회 상주 곶감 마라톤 대회,경북,상주시민운동장,풀/하프/10km/4km,,,전국마라톤협회,2026-05-06,2026-10-15,163,등록중,https://www.mara1080.com/event/c8dc2c22-a83a-4743-9e34-c884e9809dbb
2026-11-15,제4회 영남알프스 전국 하프마라톤,울산,울주군 영남알프스 일원,하프/10km/5km,,,울산광역시 울주군육상연맹,2026-09-01,2026-09-30,30,등록예정,http://영남알프스마라톤.kr
2026-11-15,제2회 세종특별자치시 전국 마라톤,세종,세종시민운동장,10km/5km,,,세종특별자치시육상연맹,2026-06-20,2026-07-29,40,등록예정,https://sjrun.com
